event_id,latitude,longitude,acquisition_time,frp,distance_to_industry_m,historical_event_count,dominant_landcover,proxy_label
30118,9.80725,76.97749,2023-01-17 20:20:00,0.91,6000.0,5,Tree cover,0
98752,11.6442,77.75271,2023-02-09 19:49:00,0.85,6000.0,1,Cropland,1
54094,11.80808,77.92376,2023-01-28 20:14:00,2.02,0.0,36,Built-up,2
2382,11.80859,77.92224,2023-01-02 20:01:00,1.38,0.0,36,Tree cover,2
28500,11.80908,77.92133,2023-01-16 20:39:00,2.6,0.0,36,Built-up,2
16764,11.80931,77.92249,2023-01-10 20:51:00,1.67,0.0,36,Built-up,2
30139,11.80953,77.92406,2023-01-17 20:20:00,0.94,0.0,36,Built-up,2
95024,11.80958,77.92154,2023-02-08 20:07:00,2.91,0.0,36,Built-up,2
90736,11.80968,77.92213,2023-02-07 20:26:00,2.68,0.0,36,Built-up,2
30140,11.81008,77.92052,2023-01-17 20:20:00,0.94,0.0,36,Tree cover,2
40107,11.81074,77.92216,2023-01-22 20:26:00,1.53,0.0,36,Built-up,2
55788,11.81101,77.92197,2023-01-29 19:55:00,2.07,0.0,36,Built-up,2
49552,11.81141,77.92111,2023-01-26 20:51:00,2.6,0.0,36,Tree cover,2
18683,11.81142,77.91979,2023-01-11 20:32:00,1.5,0.0,36,Built-up,2
95025,11.81161,77.91977,2023-02-08 20:07:00,3.76,0.0,36,Built-up,2
28501,11.81181,77.91888,2023-01-16 20:39:00,1.64,0.0,36,Tree cover,2
30141,11.81395,77.91754,2023-01-17 20:20:00,1.02,0.0,36,Tree cover,2
40108,11.81467,77.91912,2023-01-22 20:26:00,1.18,0.0,36,Built-up,2
85806,11.8147,77.91722,2023-02-06 20:45:00,0.81,0.0,36,Built-up,2
51752,11.81487,77.91784,2023-01-27 20:32:00,2.56,0.0,36,Built-up,2
1208,11.81494,77.91899,2023-01-01 20:20:00,1.42,0.0,36,Built-up,2
40109,11.81525,77.91553,2023-01-22 20:26:00,1.18,0.0,36,Built-up,2
20673,11.81543,77.91561,2023-01-12 20:13:00,2.19,0.0,36,Built-up,2
7693,11.81556,77.91792,2023-01-06 20:26:00,1.16,0.0,36,Built-up,2
18684,11.8156,77.91638,2023-01-11 20:32:00,1.5,0.0,36,Built-up,2
28502,11.81563,77.91956,2023-01-16 20:39:00,1.25,0.0,36,Built-up,2
95026,11.81596,77.91584,2023-02-08 20:07:00,2.54,0.0,36,Tree cover,2
54095,11.81612,77.91722,2023-01-28 20:14:00,1.68,0.0,36,Built-up,2
98753,11.81625,77.91172,2023-02-09 19:49:00,0.75,0.0,36,Built-up,2
10011,11.81633,77.91675,2023-01-07 20:07:00,0.99,0.0,36,Built-up,2
28503,11.81648,77.91477,2023-01-16 20:39:00,1.25,0.0,36,Built-up,2
6307,11.81676,77.91734,2023-01-05 20:45:00,0.81,0.0,36,Built-up,2
30142,11.81727,77.91808,2023-01-17 20:20:00,1.17,0.0,36,Tree cover,2
20674,11.81752,77.91568,2023-01-12 20:13:00,1.16,0.0,36,Tree cover,2
90737,11.81754,77.91605,2023-02-07 20:26:00,1.39,0.0,36,Tree cover,2
28504,11.81755,77.91785,2023-01-16 20:39:00,1.73,0.0,36,Built-up,2
95027,11.81766,77.9182,2023-02-08 20:07:00,3.0,0.0,36,Built-up,2
31787,11.81796,77.91827,2023-01-18 20:01:00,1.33,0.0,36,Built-up,2
18971,12.30151,79.26205,2023-01-12 07:39:00,2.96,6000.0,1,Tree cover,0
98670,12.51248,77.26848,2023-02-09 19:48:00,1.04,6000.0,4,Tree cover,0
27103,13.83942,77.4752,2023-01-16 08:05:00,2.77,6000.0,1,Tree cover,0
64746,13.86344,76.53613,2023-02-02 20:19:00,1.25,6000.0,10,Shrubland,0
17246,13.91515,76.05852,2023-01-11 07:59:00,1.91,6000.0,5,Tree cover,0
95054,14.0339,77.73272,2023-02-08 20:07:00,3.18,6000.0,3,Cropland,1
64966,14.26454,76.36086,2023-02-03 07:28:00,5.73,6000.0,3,Cropland,1
52177,14.35444,78.60112,2023-01-28 07:40:00,3.81,6000.0,3,Shrubland,0
71178,14.62501,77.93857,2023-02-04 19:41:00,0.57,6000.0,9,Shrubland,0
55257,14.67064,76.31676,2023-01-29 09:02:00,3.34,6000.0,2,Cropland,1
50246,14.70087,77.05074,2023-01-27 07:59:00,1.58,6000.0,1,Cropland,1
74765,15.1516,78.63998,2023-02-05 08:31:00,4.92,6000.0,2,Shrubland,0
55265,15.1701,76.65069,2023-01-29 09:02:00,4.86,6000.0,291,Tree cover,0
11947,15.18457,76.79031,2023-01-08 19:47:00,1.18,6000.0,22,Grassland,0
10063,15.21388,75.98196,2023-01-08 07:15:00,4.69,6000.0,1,Shrubland,0
69757,15.3063,75.65405,2023-02-04 08:50:00,1.29,6000.0,8,Shrubland,0
57441,15.34107,74.94733,2023-01-30 21:15:00,1.5,6000.0,4,Shrubland,0
55270,15.40718,77.94798,2023-01-29 09:02:00,7.69,6000.0,4,Shrubland,0
34644,15.77833,77.87333,2023-01-20 08:31:00,3.66,6000.0,3,Cropland,1
38381,15.90185,75.35289,2023-01-22 07:53:00,1.61,6000.0,6,Shrubland,0
38389,16.07496,75.52655,2023-01-22 07:53:00,3.69,6000.0,2,Shrubland,0
91342,16.09021,76.62974,2023-02-08 07:34:00,1.92,6000.0,1,Cropland,1
65004,16.1059,75.4045,2023-02-03 07:28:00,2.54,6000.0,3,Cropland,1
62315,16.11271,94.69068,2023-02-02 07:46:00,14.88,6000.0,2,Cropland,1
26549,16.18479,75.28102,2023-01-15 20:56:00,0.68,6000.0,2,Cropland,1
6297,16.29453,75.60468,2023-01-05 20:44:00,0.77,6000.0,3,Cropland,1
28914,16.35875,75.62605,2023-01-17 07:47:00,6.77,6000.0,2,Grassland,0
40384,16.5697,96.19292,2023-01-23 07:34:00,5.37,6000.0,3,Cropland,1
62384,16.59345,79.70519,2023-02-02 07:47:00,2.83,6000.0,1,Cropland,1
19133,16.59465,74.86667,2023-01-12 07:41:00,3.69,6000.0,1,Cropland,1
78649,16.75006,80.41646,2023-02-05 21:02:00,0.38,6000.0,4,Cropland,1
40390,16.82847,79.23724,2023-01-23 07:34:00,2.99,6000.0,1,Cropland,1
7867,16.85352,78.73762,2023-01-07 07:34:00,2.93,6000.0,2,Cropland,1
28933,16.88772,80.15147,2023-01-17 07:47:00,8.82,6000.0,2,Tree cover,0
94972,16.89446,74.38888,2023-02-08 20:06:00,0.96,6000.0,2,Cropland,1
65034,17.02322,78.94921,2023-02-03 07:28:00,18.47,6000.0,1,Cropland,1
91626,17.16913,78.99043,2023-02-08 07:35:00,7.79,6000.0,3,Cropland,1
27219,17.17457,74.72971,2023-01-16 08:06:00,7.26,6000.0,2,Cropland,1
16791,17.22284,96.27601,2023-01-11 06:18:00,4.41,6000.0,3,Grassland,0
78828,17.28035,95.02048,2023-02-06 06:31:00,8.89,6000.0,3,Cropland,1
23532,17.28575,76.7691,2023-01-14 08:44:00,1.21,6000.0,1,Cropland,1
7888,17.33734,78.68766,2023-01-07 07:34:00,6.43,6000.0,2,Shrubland,0
5377,17.3857,77.82523,2023-01-05 08:12:00,8.32,6000.0,1,Cropland,1
85636,17.42086,77.49213,2023-02-06 20:43:00,0.51,6000.0,1,Cropland,1
65053,17.42897,76.01965,2023-02-03 07:28:00,6.23,6000.0,3,Cropland,1
4130,17.47372,73.36491,2023-01-04 08:31:00,6.71,6000.0,7,Grassland,0
43841,17.47829,73.36462,2023-01-24 08:56:00,9.75,6000.0,7,Grassland,0
33594,17.50933,94.92078,2023-01-20 06:50:00,2.33,6000.0,5,Tree cover,0
57494,17.51282,95.91511,2023-01-31 06:44:00,3.2,6000.0,6,Grassland,0
95003,17.62109,78.05411,2023-02-08 20:06:00,0.92,6000.0,2,Cropland,1
25326,17.63049,79.94681,2023-01-15 08:25:00,7.87,6000.0,3,Cropland,1
54239,17.66154,77.78916,2023-01-29 07:22:00,4.74,6000.0,5,Tree cover,0
78858,17.80879,95.66126,2023-02-06 06:31:00,2.76,6000.0,10,Cropland,1
1323,17.89128,95.17865,2023-01-02 07:27:00,5.0,6000.0,2,Cropland,1
77598,18.03763,95.01733,2023-02-05 19:21:00,1.24,6000.0,9,Tree cover,0
89719,18.09177,95.08812,2023-02-07 18:43:00,0.34,6000.0,14,Cropland,1
98370,18.13772,95.96721,2023-02-09 19:46:00,4.61,6000.0,6,Tree cover,0
90721,18.15744,73.57774,2023-02-07 20:25:00,2.46,6000.0,8,Cropland,1
50431,18.1805,80.17661,2023-01-27 08:00:00,2.73,6000.0,3,Cropland,1
4151,18.23415,73.12508,2023-01-04 08:31:00,10.37,6000.0,3,Tree cover,0
40438,18.27076,95.03551,2023-01-23 07:34:00,2.29,6000.0,6,Cropland,1
25354,18.37771,78.25063,2023-01-15 08:25:00,5.03,6000.0,4,Grassland,0
78926,18.38284,95.08587,2023-02-06 06:31:00,12.1,6000.0,29,Grassland,0
78974,18.51308,95.81956,2023-02-06 06:31:00,4.12,6000.0,13,Grassland,0
87767,18.55887,75.03575,2023-02-07 07:54:00,6.72,6000.0,2,Cropland,1
58723,18.56284,82.43862,2023-01-31 08:25:00,18.05,6000.0,4,Grassland,0
95015,18.58519,75.17933,2023-02-08 20:06:00,0.47,6000.0,1,Cropland,1
10231,18.60626,83.65445,2023-01-08 07:16:00,2.43,6000.0,1,Tree cover,0
22607,18.62208,95.52022,2023-01-14 07:03:00,4.25,6000.0,3,Tree cover,0
85934,18.66867,95.74767,2023-02-07 06:13:00,8.45,6000.0,24,Tree cover,0
33659,18.70905,94.86049,2023-01-20 06:50:00,5.84,6000.0,15,Tree cover,0
68005,18.74164,83.43515,2023-02-04 07:10:00,8.62,6000.0,3,Tree cover,0
79038,18.75322,94.83656,2023-02-06 06:32:00,2.57,6000.0,20,Tree cover,0
16839,18.76796,96.35088,2023-01-11 06:19:00,7.09,6000.0,1,Cropland,1
77871,18.80524,94.79768,2023-02-05 19:21:00,0.6,6000.0,23,Tree cover,0
3627,18.84144,95.39287,2023-01-04 06:50:00,10.38,6000.0,11,Cropland,1
46972,18.91253,94.86862,2023-01-26 06:38:00,4.69,6000.0,17,Tree cover,0
74945,18.96476,73.3316,2023-02-05 08:32:00,5.15,6000.0,2,Cropland,1
77979,19.03074,94.80739,2023-02-05 19:21:00,1.69,6000.0,12,Tree cover,0
22659,19.11739,94.78806,2023-01-14 07:03:00,5.11,6000.0,17,Tree cover,0
78057,19.12729,94.75269,2023-02-05 19:21:00,1.75,6000.0,48,Tree cover,0
84672,19.12925,95.83907,2023-02-06 19:02:00,0.35,6000.0,7,Tree cover,0
57596,19.13111,96.61681,2023-01-31 06:44:00,3.77,6000.0,7,Tree cover,0
24476,19.14088,96.31698,2023-01-15 06:44:00,6.01,6000.0,2,Cropland,1
22664,19.15763,94.87449,2023-01-14 07:03:00,2.52,6000.0,8,Tree cover,0
44403,19.17724,94.67852,2023-01-24 19:46:00,2.09,6000.0,10,Tree cover,0
57231,19.23428,94.62517,2023-01-30 19:33:00,0.4,6000.0,14,Tree cover,0
79228,19.30644,94.70009,2023-02-06 06:32:00,3.7,6000.0,20,Tree cover,0
65212,19.31078,75.95162,2023-02-03 07:29:00,4.77,6000.0,2,Cropland,1
79231,19.31242,94.68596,2023-02-06 06:32:00,4.53,6000.0,30,Tree cover,0
48182,19.3436,76.21474,2023-01-26 08:19:00,2.19,6000.0,2,Cropland,1
26158,19.35525,95.3443,2023-01-15 19:14:00,0.83,6000.0,6,Tree cover,0
29090,19.3937,74.90095,2023-01-17 07:48:00,2.53,6000.0,1,Cropland,1
84812,19.3938,95.75271,2023-02-06 19:02:00,0.53,6000.0,6,Tree cover,0
78241,19.42336,94.89437,2023-02-05 19:21:00,0.92,6000.0,13,Tree cover,0
70414,19.42766,94.6654,2023-02-04 19:39:00,1.18,6000.0,17,Tree cover,0
3001,19.43569,75.75244,2023-01-03 08:50:00,4.76,6000.0,2,Cropland,1
78323,19.49799,94.59651,2023-02-05 19:21:00,0.42,6000.0,19,Tree cover,0
72076,19.50987,95.26614,2023-02-05 06:51:00,8.63,6000.0,8,Tree cover,0
79350,19.5209,95.49625,2023-02-06 06:32:00,3.89,6000.0,2,Cropland,1
44418,19.53169,94.85663,2023-01-24 19:46:00,1.33,6000.0,13,Tree cover,0
4969,19.55008,95.41119,2023-01-05 06:31:00,4.54,6000.0,4,Grassland,0
95611,19.57922,94.66719,2023-02-09 07:16:00,3.6,6000.0,6,Tree cover,0
27998,19.58181,95.11118,2023-01-16 18:55:00,1.22,6000.0,27,Tree cover,0
28004,19.58875,95.13026,2023-01-16 18:55:00,1.08,6000.0,17,Tree cover,0
19324,19.64293,82.87574,2023-01-12 07:41:00,5.42,6000.0,4,Cropland,1
72136,19.66313,95.77595,2023-02-05 06:51:00,3.98,6000.0,9,Tree cover,0
42752,19.6781,84.95951,2023-01-24 07:16:00,4.47,6000.0,3,Tree cover,0
67906,19.69264,94.85487,2023-02-04 07:09:00,2.98,6000.0,9,Tree cover,0
22176,19.70365,95.78686,2023-01-13 19:52:00,0.63,6000.0,4,Tree cover,0
84969,19.70516,95.86217,2023-02-06 19:02:00,0.71,6000.0,1,Tree cover,0
90011,19.80816,96.98679,2023-02-07 18:43:00,0.64,6000.0,6,Cropland,1
91926,19.85027,82.18325,2023-02-08 07:35:00,4.79,6000.0,4,Cropland,1
57650,19.90759,96.2815,2023-01-31 06:44:00,7.02,6000.0,9,Tree cover,0
95755,19.95341,94.69483,2023-02-09 07:16:00,2.58,6000.0,9,Grassland,0
75724,19.97886,94.61988,2023-02-05 19:20:00,0.97,6000.0,9,Tree cover,0
37225,19.98266,95.73075,2023-01-21 19:01:00,0.84,6000.0,6,Tree cover,0
30163,20.00924,97.03194,2023-01-18 05:48:00,10.55,6000.0,30,Cropland,1
41927,20.03108,95.71488,2023-01-23 20:04:00,1.48,6000.0,7,Tree cover,0
35788,20.03434,96.90192,2023-01-21 06:32:00,7.24,6000.0,56,Cropland,1
28572,20.03941,96.91496,2023-01-17 06:07:00,2.36,6000.0,46,Grassland,0
32045,20.06906,96.98476,2023-01-19 07:09:00,6.95,6000.0,34,Cropland,1
384,20.10776,76.18748,2023-01-01 07:48:00,3.74,6000.0,4,Cropland,1
47094,20.1118,96.89354,2023-01-26 06:38:00,4.38,6000.0,32,Grassland,0
35826,20.11923,97.00154,2023-01-21 06:32:00,11.32,6000.0,21,Grassland,0
97769,20.13945,94.36,2023-02-09 19:45:00,1.55,6000.0,18,Tree cover,0
49691,20.15891,96.9847,2023-01-27 06:19:00,5.11,6000.0,25,Grassland,0
72459,20.19488,85.37794,2023-02-05 06:51:00,2.68,6000.0,1,Cropland,1
95837,20.20556,82.39782,2023-02-09 07:16:00,4.01,6000.0,4,Grassland,0
62039,20.2186,96.87984,2023-02-02 06:07:00,12.88,6000.0,17,Grassland,0
75855,20.24629,95.92136,2023-02-05 19:20:00,0.52,6000.0,5,Grassland,0
11332,20.29103,72.98419,2023-01-08 08:57:00,2.95,6000.0,1,Tree cover,0
28019,20.32256,96.30985,2023-01-16 18:55:00,0.86,6000.0,4,Tree cover,0
368,20.33128,81.87589,2023-01-01 07:47:00,1.94,6000.0,2,Cropland,1
95866,20.33713,96.92488,2023-02-09 07:16:00,10.79,6000.0,15,Cropland,1
97531,20.37549,77.1369,2023-02-09 08:57:00,1.73,6000.0,2,Tree cover,0
97532,20.37888,77.13992,2023-02-09 08:57:00,3.78,6000.0,2,Grassland,0
72617,20.39966,95.7053,2023-02-05 06:51:00,1.5,6000.0,1,Cropland,1
95884,20.40071,94.44306,2023-02-09 07:16:00,3.11,6000.0,4,Grassland,0
30566,20.40445,93.04693,2023-01-18 07:28:00,6.2,6000.0,25,Cropland,1
18771,20.42395,94.68384,2023-01-12 06:01:00,6.5,6000.0,13,Cropland,1
22796,20.52229,94.65167,2023-01-14 07:03:00,6.44,6000.0,5,Cropland,1
15446,20.52435,74.50829,2023-01-10 08:19:00,1.14,6000.0,1,Cropland,1
49771,20.58995,93.03093,2023-01-27 06:20:00,4.38,6000.0,8,Cropland,1
88009,20.59058,79.57195,2023-02-07 07:54:00,7.18,6000.0,4,Grassland,0
79883,20.59965,96.28101,2023-02-06 06:32:00,4.56,6000.0,8,Grassland,0
4998,20.64291,92.5032,2023-01-05 06:32:00,3.15,6000.0,20,Cropland,1
83301,20.65961,94.36806,2023-02-06 19:01:00,0.93,6000.0,14,Tree cover,0
8172,20.68938,86.32719,2023-01-07 07:35:00,2.07,6000.0,1,Tree cover,0
70531,20.69069,94.10446,2023-02-04 19:39:00,1.13,6000.0,24,Tree cover,0
42936,20.80842,95.29065,2023-01-24 07:16:00,5.45,6000.0,5,Tree cover,0
62762,20.85437,84.09285,2023-02-02 07:48:00,4.27,6000.0,8,Cropland,1
94076,20.87699,96.23759,2023-02-08 18:24:00,2.14,6000.0,6,Grassland,0
10414,20.90381,83.81092,2023-01-08 07:16:00,1.78,6000.0,1,Cropland,1
68278,20.92871,95.69482,2023-02-04 07:10:00,3.81,6000.0,3,Cropland,1
17642,20.93819,86.76784,2023-01-11 08:00:00,2.75,6000.0,4,Cropland,1
49748,20.95205,96.74775,2023-01-27 06:19:00,4.41,6000.0,8,Cropland,1
17790,20.95572,76.12815,2023-01-11 08:01:00,1.9,6000.0,8,Cropland,1
35084,20.95676,85.14413,2023-01-20 19:20:00,0.52,6000.0,106,Tree cover,0
62826,21.01702,82.4728,2023-02-02 07:48:00,3.57,6000.0,1,Cropland,1
51908,21.02023,97.01453,2023-01-28 06:01:00,2.09,6000.0,26,Cropland,1
68316,21.02157,97.0266,2023-02-04 07:10:00,5.1,6000.0,25,Cropland,1
76337,21.04582,96.27466,2023-02-05 19:20:00,1.4,6000.0,26,Grassland,0
80127,21.04627,96.32594,2023-02-06 06:32:00,4.4,6000.0,12,Tree cover,0
14568,21.07354,86.61899,2023-01-10 06:39:00,3.23,6000.0,2,Cropland,1
22244,21.074,85.04527,2023-01-13 19:52:00,1.17,6000.0,216,Cropland,1
44477,21.07516,85.04076,2023-01-24 19:46:00,1.96,6000.0,216,Tree cover,0
70612,21.0768,85.03023,2023-02-04 19:39:00,0.78,6000.0,216,Grassland,0
52673,21.07773,81.46156,2023-01-28 07:42:00,16.55,6000.0,11,Cropland,1
38734,21.07857,81.35681,2023-01-22 07:54:00,5.98,6000.0,5,Cropland,1
65415,21.08683,84.93579,2023-02-03 07:29:00,1.13,6000.0,1,Grassland,0
88156,21.14534,81.12164,2023-02-07 07:54:00,3.34,6000.0,6,Cropland,1
5854,21.14726,96.19841,2023-01-05 19:01:00,0.93,6000.0,13,Tree cover,0
82108,21.17787,82.1782,2023-02-06 08:13:00,7.34,6000.0,3,Cropland,1
62888,21.20301,76.84649,2023-02-02 07:48:00,7.26,6000.0,17,Shrubland,0
83703,21.20379,96.23248,2023-02-06 19:01:00,0.85,6000.0,16,Tree cover,0
29164,21.20588,82.13592,2023-01-17 07:48:00,9.58,6000.0,10,Cropland,1
19542,21.21632,83.83135,2023-01-12 07:42:00,2.79,6000.0,5,Tree cover,0
45069,21.23921,97.1329,2023-01-25 06:57:00,3.45,6000.0,21,Cropland,1
68420,21.26192,81.93729,2023-02-04 07:10:00,4.29,6000.0,4,Cropland,1
73047,21.28766,97.11895,2023-02-05 06:51:00,4.95,6000.0,11,Cropland,1
34801,21.3566,81.8964,2023-01-20 08:32:00,5.71,6000.0,8,Cropland,1
90909,21.38318,96.84071,2023-02-08 05:55:00,18.06,6000.0,30,Grassland,0
92332,21.38621,84.2084,2023-02-08 07:35:00,6.17,6000.0,1,Cropland,1
65498,21.4053,84.19436,2023-02-03 07:29:00,5.95,6000.0,4,Cropland,1
46207,21.41187,96.44308,2023-01-25 19:26:00,0.96,6000.0,13,Tree cover,0
56243,21.41586,94.98146,2023-01-30 07:04:00,2.05,6000.0,4,Grassland,0
15729,21.41588,73.35882,2023-01-10 08:20:00,5.6,6000.0,1,Cropland,1
15532,21.42177,82.92435,2023-01-10 08:19:00,2.54,6000.0,1,Cropland,1
17724,21.43636,83.74342,2023-01-11 08:00:00,2.97,6000.0,3,Cropland,1
20237,21.44167,96.48468,2023-01-12 20:10:00,1.0,6000.0,14,Tree cover,0
82188,21.45209,84.13819,2023-02-06 08:13:00,3.53,6000.0,6,Cropland,1
70658,21.46492,96.55766,2023-02-04 19:39:00,1.37,6000.0,34,Tree cover,0
70659,21.4657,96.55374,2023-02-04 19:39:00,1.91,6000.0,38,Tree cover,0
38961,21.47619,77.28232,2023-01-22 07:55:00,22.8,6000.0,7,Grassland,0
88230,21.48157,83.33437,2023-02-07 07:54:00,4.55,6000.0,3,Shrubland,0
25476,21.49469,79.85069,2023-01-15 08:26:00,5.37,6000.0,1,Cropland,1
10627,21.52072,82.13191,2023-01-08 07:16:00,12.84,6000.0,7,Cropland,1
43294,21.55356,82.2111,2023-01-24 07:17:00,5.36,6000.0,11,Cropland,1
12441,21.5675,96.34561,2023-01-09 06:57:00,3.04,6000.0,4,Tree cover,0
12444,21.59898,96.91544,2023-01-09 06:57:00,4.45,6000.0,21,Cropland,1
83900,21.60295,96.49091,2023-02-06 19:01:00,0.96,6000.0,21,Tree cover,0
4606,21.61085,96.91465,2023-01-04 19:20:00,0.69,6000.0,13,Cropland,1
54627,21.63693,82.53079,2023-01-29 07:23:00,3.16,6000.0,9,Cropland,1
19637,21.641,84.41077,2023-01-12 07:42:00,6.97,6000.0,10,Tree cover,0
92800,21.65761,82.29521,2023-02-08 07:36:00,2.47,6000.0,3,Cropland,1
45119,21.71557,94.90222,2023-01-25 06:57:00,1.81,6000.0,1,Cropland,1
63125,21.74171,84.51436,2023-02-02 07:48:00,8.82,6000.0,2,Cropland,1
73241,21.74976,96.37678,2023-02-05 06:51:00,3.24,6000.0,9,Tree cover,0
88299,21.75908,84.92786,2023-02-07 07:54:00,4.23,6000.0,8,Cropland,1
60693,21.79857,82.97601,2023-02-01 08:07:00,8.6,6000.0,9,Cropland,1
96498,21.83994,84.13042,2023-02-09 07:17:00,5.36,6000.0,4,Cropland,1
65685,21.85002,82.35931,2023-02-03 07:29:00,3.84,6000.0,6,Cropland,1
51208,21.85591,96.60797,2023-01-27 18:48:00,1.67,6000.0,14,Tree cover,0
28654,21.86414,95.85311,2023-01-17 06:07:00,6.68,6000.0,2,Cropland,1
28655,21.86417,95.85352,2023-01-17 06:07:00,6.11,6000.0,2,Grassland,0
34050,21.86567,96.73284,2023-01-20 06:51:00,4.16,6000.0,15,Tree cover,0
24832,21.88583,96.97034,2023-01-15 06:45:00,4.07,6000.0,20,Tree cover,0
49842,21.88966,96.74371,2023-01-27 06:20:00,10.69,6000.0,23,Tree cover,0
73286,21.89806,97.19903,2023-02-05 06:51:00,5.41,6000.0,27,Tree cover,0
89522,21.90847,94.03283,2023-02-07 18:42:00,1.02,6000.0,14,Tree cover,0
58872,21.92258,69.93712,2023-01-31 08:26:00,1.17,6000.0,1,Cropland,1
10706,21.9287,96.72948,2023-01-08 07:16:00,7.11,6000.0,18,Tree cover,0
51219,21.93809,96.77398,2023-01-27 18:48:00,1.6,6000.0,9,Tree cover,0
54713,21.94555,90.65107,2023-01-29 07:23:00,2.03,6000.0,2,Cropland,1
97947,21.967,85.31459,2023-02-09 19:45:00,0.94,6000.0,22,Tree cover,0
65740,21.96818,85.75101,2023-02-03 07:29:00,8.03,6000.0,3,Tree cover,0
54722,21.97357,84.2659,2023-01-29 07:23:00,4.66,6000.0,4,Cropland,1
86845,21.97721,96.64888,2023-02-07 06:14:00,4.12,6000.0,5,Tree cover,0
88465,21.99066,82.7645,2023-02-07 07:55:00,3.58,6000.0,7,Cropland,1
88362,22.02797,87.08571,2023-02-07 07:54:00,6.1,6000.0,11,Tree cover,0
27501,22.03256,84.02248,2023-01-16 08:07:00,5.57,6000.0,2,Cropland,1
10722,22.0356,85.49276,2023-01-08 07:16:00,4.63,6000.0,5,Cropland,1
80787,22.04598,87.02251,2023-02-06 06:33:00,5.96,6000.0,4,Tree cover,0
92918,22.05451,82.24119,2023-02-08 07:36:00,4.3,6000.0,11,Cropland,1
2099,22.06314,88.12048,2023-01-02 19:57:00,0.2,6000.0,151,Tree cover,0
84109,22.06403,94.01229,2023-02-06 19:01:00,0.87,6000.0,33,Shrubland,0
77034,22.08512,97.01116,2023-02-05 19:20:00,0.5,6000.0,5,Grassland,0
48419,22.08996,82.67988,2023-01-26 08:20:00,3.88,6000.0,19,Cropland,1
21407,22.09379,82.36465,2023-01-13 07:23:00,21.27,6000.0,11,Cropland,1
2264,22.1092,83.56035,2023-01-02 19:58:00,0.79,6000.0,19,Tree cover,0
1720,22.1408,82.06915,2023-01-02 07:29:00,2.28,6000.0,2,Cropland,1
57942,22.14166,96.3401,2023-01-31 06:45:00,2.2,6000.0,12,Tree cover,0
8874,22.15014,82.61382,2023-01-07 07:35:00,2.65,6000.0,10,Cropland,1
69017,22.1524,82.56542,2023-02-04 07:11:00,4.24,6000.0,5,Cropland,1
65816,22.15943,93.98028,2023-02-03 07:29:00,9.88,6000.0,17,Tree cover,0
77115,22.16407,94.00526,2023-02-05 19:20:00,1.1,6000.0,33,Tree cover,0
77124,22.17364,93.96419,2023-02-05 19:20:00,0.79,6000.0,12,Tree cover,0
56357,22.18363,96.97935,2023-01-30 07:04:00,3.08,6000.0,8,Cropland,1
57961,22.18642,92.09358,2023-01-31 06:45:00,2.93,6000.0,1,Tree cover,0
42051,22.19813,94.9082,2023-01-23 20:04:00,4.31,6000.0,10,Tree cover,0
49866,22.20222,97.07525,2023-01-27 06:20:00,5.44,6000.0,13,Cropland,1
65823,22.21151,84.86732,2023-02-03 07:29:00,3.44,6000.0,160,Tree cover,0
8897,22.21668,84.36803,2023-01-07 07:35:00,4.82,6000.0,1,Cropland,1
67224,22.23837,91.1429,2023-02-03 19:58:00,0.59,6000.0,3,Cropland,1
59949,22.23915,96.62168,2023-02-01 06:26:00,5.8,6000.0,1,Cropland,1
42065,22.26238,75.13127,2023-01-23 20:04:00,0.65,6000.0,32,Grassland,0
80820,22.28036,94.01942,2023-02-06 06:33:00,5.2,6000.0,26,Tree cover,0
6413,22.29655,94.09615,2023-01-06 06:13:00,1.99,6000.0,6,Cropland,1
84172,22.30582,94.02998,2023-02-06 19:01:00,0.54,6000.0,26,Tree cover,0
43151,22.31483,96.36816,2023-01-24 07:16:00,7.57,6000.0,5,Tree cover,0
29968,22.32459,82.68428,2023-01-17 20:17:00,0.9,6000.0,50,Grassland,0
73574,22.33872,97.06396,2023-02-05 06:51:00,9.88,6000.0,26,Cropland,1
1228,22.34486,96.6364,2023-01-02 05:48:00,14.19,6000.0,4,Cropland,1
14587,22.40971,95.9003,2023-01-10 06:39:00,1.69,6000.0,1,Cropland,1
59692,22.41367,69.03999,2023-01-31 20:55:00,0.52,89.79374461,39,Tree cover,2
24338,22.41394,69.04015,2023-01-14 21:14:00,0.71,92.67492262,39,Tree cover,2
35500,22.41418,69.04015,2023-01-20 21:01:00,0.59,81.85990368,39,Tree cover,2
28349,22.41429,69.03983,2023-01-16 20:36:00,0.89,46.80699812,39,Tree cover,2
64591,22.4144,69.03691,2023-02-02 20:17:00,0.66,34.62058262,39,Cropland,2
4779,22.41461,69.03985,2023-01-04 21:01:00,1.42,34.26803912,39,Tree cover,2
46865,22.4152,69.03838,2023-01-25 21:08:00,1.32,0.0,39,Tree cover,2
95090,22.41523,69.03739,2023-02-08 21:45:00,0.68,30.00799507,39,Cropland,2
26525,22.41533,69.03686,2023-01-15 20:55:00,0.68,85.63181513,39,Tree cover,2
71310,22.41549,69.04056,2023-02-04 21:20:00,1.28,13.08987375,39,Tree cover,2
55830,22.41569,69.03706,2023-01-29 21:33:00,0.79,71.44494381,39,Tree cover,2
28350,22.41581,69.03691,2023-01-16 20:36:00,0.64,88.75596726,39,Cropland,2
57428,22.41586,69.03802,2023-01-30 21:14:00,1.38,0.0,39,Built-up,2
44551,22.4159,69.03917,2023-01-24 21:26:00,0.75,0.0,39,Bare / sparse vegetation,2
44552,22.41591,69.03928,2023-01-24 21:26:00,0.66,0.0,39,Bare / sparse vegetation,2
16707,22.41594,69.03657,2023-01-10 20:49:00,0.89,125.56534942,39,Cropland,2
33478,22.41597,69.04011,2023-01-19 21:20:00,0.81,0.0,39,Tree cover,2
98773,22.41602,69.04123,2023-02-09 21:26:00,0.78,15.3103988,39,Tree cover,2
75241,22.41645,69.03956,2023-02-05 08:33:00,2.85,0.0,39,Bare / sparse vegetation,2
54099,22.41651,69.0391,2023-01-28 21:51:00,0.63,0.0,39,Bare / sparse vegetation,2
37721,22.41666,69.03931,2023-01-21 20:42:00,0.52,0.0,39,Bare / sparse vegetation,2
78625,22.41668,69.03961,2023-02-05 21:01:00,1.34,0.0,39,Tree cover,2
2447,22.41674,69.04021,2023-01-02 21:39:00,0.84,0.0,39,Bare / sparse vegetation,2
16708,22.4168,69.0388,2023-01-10 20:49:00,0.62,0.0,39,Bare / sparse vegetation,2
49475,22.4168,69.04038,2023-01-26 20:49:00,0.75,0.0,39,Built-up,2
4780,22.41685,69.03943,2023-01-04 21:01:00,1.06,0.0,39,Tree cover,2
14115,22.41689,69.04024,2023-01-09 21:07:00,1.19,0.0,39,Bare / sparse vegetation,2
95091,22.41702,69.03686,2023-02-08 21:45:00,0.59,114.53890249,39,Grassland,2
59693,22.41714,69.04057,2023-01-31 20:55:00,0.52,0.0,39,Built-up,2
2448,22.41731,69.04065,2023-01-02 21:39:00,0.84,0.0,39,Bare / sparse vegetation,2
12053,22.41732,69.03992,2023-01-08 21:26:00,0.52,0.0,39,Tree cover,2
24339,22.41739,69.04083,2023-01-14 21:14:00,0.59,0.0,39,Bare / sparse vegetation,2
35501,22.4175,69.04074,2023-01-20 21:01:00,0.85,0.0,39,Bare / sparse vegetation,2
20745,22.41772,69.03894,2023-01-12 21:51:00,0.35,0.0,39,Tree cover,2
33479,22.41774,69.03756,2023-01-19 21:20:00,0.61,72.68960049,39,Cropland,2
54100,22.4178,69.04089,2023-01-28 21:51:00,0.41,0.0,39,Built-up,2
3480,22.41785,69.0388,2023-01-03 21:20:00,1.01,0.0,39,Tree cover,2
42456,22.41785,69.03974,2023-01-23 21:45:00,0.48,0.0,39,Tree cover,2
30156,22.41882,69.03983,2023-01-17 21:57:00,1.19,0.0,39,Tree cover,2
23627,22.44257,76.0093,2023-01-14 08:45:00,3.01,6000.0,1,Tree cover,0
69040,22.4442,86.1848,2023-02-04 07:11:00,3.22,6000.0,2,Cropland,1
47431,22.49709,97.05801,2023-01-26 06:39:00,4.03,6000.0,4,Cropland,1
10758,22.50637,95.75162,2023-01-08 07:16:00,9.92,6000.0,10,Cropland,1
60824,22.51022,70.30056,2023-02-01 08:08:00,1.7,6000.0,1,Cropland,1
36083,22.51886,95.46478,2023-01-21 06:32:00,4.75,6000.0,8,Cropland,1
48433,22.52056,70.75265,2023-01-26 08:20:00,2.86,6000.0,1,Cropland,1
73687,22.53958,93.5614,2023-02-05 06:51:00,1.49,6000.0,3,Tree cover,0
65911,22.55084,86.69122,2023-02-03 07:29:00,2.53,6000.0,5,Tree cover,0
56427,22.55126,95.40327,2023-01-30 07:04:00,2.56,6000.0,20,Cropland,1
80882,22.55595,95.21865,2023-02-06 06:33:00,3.63,6000.0,13,Cropland,1
77237,22.5696,96.15731,2023-02-05 19:20:00,0.67,6000.0,6,Tree cover,0
59985,22.57531,95.41451,2023-02-01 06:26:00,5.6,6000.0,15,Cropland,1
24970,22.57538,95.32706,2023-01-15 06:45:00,4.3,6000.0,23,Cropland,1
87017,22.60197,95.17215,2023-02-07 06:14:00,3.35,6000.0,4,Cropland,1
56440,22.60465,95.4419,2023-01-30 07:04:00,5.32,6000.0,20,Cropland,1
96691,22.61231,95.41141,2023-02-09 07:17:00,4.03,6000.0,17,Cropland,1
32344,22.61803,97.04081,2023-01-19 07:10:00,2.78,6000.0,15,Cropland,1
98081,22.61914,96.13536,2023-02-09 19:45:00,1.39,6000.0,5,Tree cover,0
87024,22.66699,95.52962,2023-02-07 06:14:00,2.88,6000.0,3,Cropland,1
48444,22.7255,71.42903,2023-01-26 08:20:00,4.27,6000.0,9,Cropland,1
93042,22.72872,95.55407,2023-02-08 07:36:00,6.1,6000.0,26,Cropland,1
47496,22.74017,95.55048,2023-01-26 06:39:00,4.42,6000.0,26,Cropland,1
16990,22.75065,95.20552,2023-01-11 06:20:00,4.98,6000.0,2,Grassland,0
93110,22.89161,95.59148,2023-02-08 07:36:00,5.58,6000.0,5,Cropland,1
96812,22.90285,96.06561,2023-02-09 07:17:00,7.83,6000.0,7,Grassland,0
47519,22.91019,95.37614,2023-01-26 06:39:00,1.65,6000.0,14,Cropland,1
42461,22.92469,69.82366,2023-01-23 21:45:00,0.65,3.49487206,21,Cropland,2
67535,22.92492,69.82311,2023-02-03 21:39:00,0.56,45.42013955,21,Cropland,2
59698,22.9254,69.82366,2023-01-31 20:55:00,0.87,0.0,21,Cropland,2
37727,22.9254,69.82464,2023-01-21 20:42:00,0.99,0.0,21,Tree cover,2
51674,22.92546,69.82176,2023-01-27 20:30:00,0.83,0.0,21,Cropland,2
24343,22.92575,69.82415,2023-01-14 21:14:00,0.72,0.0,21,Tree cover,2
35507,22.92579,69.82437,2023-01-20 21:01:00,0.76,0.0,21,Tree cover,2
33483,22.92601,69.82626,2023-01-19 21:20:00,0.43,0.02432661,21,Cropland,2
4787,22.92625,69.82337,2023-01-04 21:01:00,0.6,0.0,21,Built-up,2
42462,22.92641,69.82426,2023-01-23 21:45:00,0.48,0.0,21,Bare / sparse vegetation,2
46799,22.92663,69.82541,2023-01-25 21:07:00,0.88,0.0,21,Built-up,2
29979,22.92665,69.82256,2023-01-17 20:17:00,0.46,0.0,21,Cropland,2
2412,22.92671,69.82468,2023-01-02 21:38:00,0.43,0.0,21,Bare / sparse vegetation,2
95094,22.92672,69.82211,2023-02-08 21:45:00,0.97,0.0,21,Cropland,2
90467,22.92701,69.8219,2023-02-07 20:23:00,0.75,0.0,21,Cropland,2
44556,22.92738,69.82378,2023-01-24 21:26:00,0.76,0.0,21,Built-up,2
28359,22.92756,69.82245,2023-01-16 20:36:00,0.5,0.0,21,Cropland,2
53935,22.92805,69.82205,2023-01-28 20:11:00,0.62,14.29563436,21,Shrubland,2
54102,22.92809,69.82493,2023-01-28 21:51:00,0.72,0.0,21,Built-up,2
31811,22.92822,69.824,2023-01-18 21:39:00,0.77,0.0,21,Built-up,2
61845,22.92847,69.82436,2023-02-01 20:36:00,0.54,0.0,21,Built-up,2
45449,22.93034,95.66459,2023-01-25 06:58:00,2.94,6000.0,7,Cropland,1
82533,22.94923,76.86886,2023-02-06 08:14:00,4.06,6000.0,1,Cropland,1
81005,22.95399,95.67016,2023-02-06 06:33:00,3.04,6000.0,8,Cropland,1
66072,22.98961,81.16766,2023-02-03 07:30:00,2.36,6000.0,1,Grassland,0
58142,22.9908,95.10824,2023-01-31 06:45:00,2.43,6000.0,1,Grassland,0
96828,23.00231,96.00062,2023-02-09 07:17:00,3.1,6000.0,10,Tree cover,0
5531,23.065,79.51608,2023-01-05 08:13:00,3.51,6000.0,1,Cropland,1
81037,23.07689,92.7001,2023-02-06 06:33:00,13.76,6000.0,1,Tree cover,0
82541,23.11363,79.15314,2023-02-06 08:14:00,9.23,6000.0,8,Grassland,0
81045,23.124,95.96809,2023-02-06 06:33:00,4.34,6000.0,11,Tree cover,0
56523,23.13708,95.72076,2023-01-30 07:04:00,14.98,6000.0,23,Cropland,1
81069,23.17443,95.4937,2023-02-06 06:33:00,5.25,6000.0,6,Cropland,1
74120,23.19486,93.65186,2023-02-05 06:52:00,6.44,6000.0,8,Tree cover,0
23908,23.30834,95.89813,2023-01-14 19:32:00,1.76,6000.0,16,Tree cover,0
74183,23.34572,95.94181,2023-02-05 06:52:00,3.46,6000.0,17,Tree cover,0
56541,23.35373,93.73109,2023-01-30 07:04:00,8.71,6000.0,1,Tree cover,0
89667,23.36051,95.74884,2023-02-07 18:42:00,1.18,6000.0,15,Tree cover,0
87156,23.3915,95.87128,2023-02-07 06:14:00,5.83,6000.0,20,Tree cover,0
45503,23.44956,96.39529,2023-01-25 06:58:00,2.44,6000.0,9,Shrubland,0
25060,23.45593,95.73451,2023-01-15 06:45:00,2.06,6000.0,2,Tree cover,0
33349,23.51102,87.27719,2023-01-19 19:39:00,0.95,6000.0,51,Tree cover,0
48886,23.55935,96.11665,2023-01-26 19:07:00,1.2,6000.0,3,Grassland,0
81172,23.56755,96.67228,2023-02-06 06:33:00,6.02,6000.0,4,Tree cover,0
74254,23.59113,95.81364,2023-02-05 06:52:00,2.89,6000.0,1,Tree cover,0
51498,23.66759,86.42083,2023-01-27 20:29:00,0.86,6000.0,37,Tree cover,0
45532,23.67151,93.43413,2023-01-25 06:58:00,3.89,6000.0,3,Tree cover,0
26005,23.68126,86.39264,2023-01-15 19:13:00,1.06,6000.0,329,Grassland,0
16193,23.68885,87.11942,2023-01-10 19:07:00,1.36,6000.0,249,Tree cover,0
49244,23.76995,86.20189,2023-01-26 20:47:00,0.72,6000.0,290,Cropland,1
49253,23.78157,86.396,2023-01-26 20:47:00,1.3,6000.0,469,Grassland,0
85428,23.78796,86.30574,2023-02-06 20:41:00,1.56,6000.0,59,Grassland,0
30999,23.79308,86.35595,2023-01-18 07:30:00,3.08,6000.0,306,Grassland,0
61624,23.80656,84.8439,2023-02-01 20:35:00,1.13,6000.0,26,Grassland,0
20493,24.05213,80.61238,2023-01-12 20:10:00,1.08,6000.0,12,Tree cover,0
74310,24.12468,94.26244,2023-02-05 06:52:00,0.9,6000.0,2,Tree cover,0
66135,24.20378,79.41127,2023-02-03 07:30:00,2.93,6000.0,2,Grassland,0
3876,24.31517,95.86028,2023-01-04 06:51:00,2.82,6000.0,1,Tree cover,0
74323,24.34246,95.57475,2023-02-05 06:52:00,5.92,6000.0,1,Tree cover,0
58302,24.36424,93.66599,2023-01-31 06:46:00,38.2,6000.0,8,Tree cover,0
3889,24.4217,94.04797,2023-01-04 06:52:00,2.66,6000.0,3,Grassland,0
88757,24.55361,83.94604,2023-02-07 07:55:00,4.26,6000.0,4,Cropland,1
69238,24.5639,91.67555,2023-02-04 07:11:00,4.47,6000.0,1,Cropland,1
21584,24.5862,93.9346,2023-01-13 07:23:00,8.07,6000.0,6,Cropland,1
14706,24.72648,89.12491,2023-01-10 06:39:00,4.28,6000.0,2,Cropland,1
62134,24.75055,94.11618,2023-02-02 06:08:00,2.66,6000.0,9,Grassland,0
16643,24.81943,73.0919,2023-01-10 20:48:00,1.3,0.0,33,Built-up,2
59646,24.8196,73.0938,2023-01-31 20:54:00,0.65,0.0,33,Built-up,2
49425,24.81997,73.09436,2023-01-26 20:48:00,0.77,0.0,33,Built-up,2
6091,24.82001,73.09317,2023-01-05 20:41:00,1.0,0.0,33,Built-up,2
71283,24.82001,73.09369,2023-02-04 21:19:00,1.47,0.0,33,Built-up,2
44537,24.82001,73.09518,2023-01-24 21:25:00,1.52,0.0,33,Built-up,2
46813,24.82006,73.09422,2023-01-25 21:07:00,1.2,0.0,33,Built-up,2
35442,24.8202,73.09219,2023-01-20 21:00:00,0.59,0.0,33,Built-up,2
46814,24.82021,73.09168,2023-01-25 21:07:00,0.74,0.0,33,Built-up,2
12022,24.82055,73.09112,2023-01-08 21:25:00,1.11,0.0,33,Built-up,2
2424,24.82059,73.09363,2023-01-02 21:38:00,1.31,0.0,33,Built-up,2
78531,24.82072,73.09181,2023-02-05 21:00:00,0.98,0.0,33,Built-up,2
67508,24.82077,73.0927,2023-02-03 21:38:00,1.52,0.0,33,Tree cover,2
35443,24.82088,73.09505,2023-01-20 21:00:00,1.05,0.0,33,Built-up,2
85633,24.82091,73.09271,2023-02-06 20:42:00,1.54,0.0,33,Built-up,2
12023,24.82103,73.09312,2023-01-08 21:25:00,1.52,0.0,33,Built-up,2
26470,24.82119,73.09354,2023-01-15 20:54:00,1.48,0.0,33,Built-up,2
90561,24.82144,73.0949,2023-02-07 20:23:00,0.79,0.0,33,Bare / sparse vegetation,2
95083,24.82196,73.09307,2023-02-08 21:44:00,1.21,0.0,33,Built-up,2
64361,24.82204,73.0948,2023-02-02 20:16:00,1.08,0.0,33,Built-up,2
9889,24.82208,73.09167,2023-01-07 20:04:00,0.91,0.0,33,Tree cover,2
57395,24.82221,73.09442,2023-01-30 21:13:00,1.26,0.0,33,Built-up,2
61647,24.8224,73.09482,2023-02-01 20:35:00,0.75,0.0,33,Built-up,2
37748,24.82247,73.09541,2023-01-21 20:42:00,1.38,0.0,33,Built-up,2
28256,24.82263,73.09482,2023-01-16 20:35:00,0.77,0.0,33,Built-up,2
24298,24.82269,73.09515,2023-01-14 21:13:00,1.41,0.0,33,Built-up,2
95084,24.82271,73.09348,2023-02-08 21:44:00,1.29,0.0,33,Built-up,2
33465,24.82272,73.09568,2023-01-19 21:19:00,1.01,0.0,33,Built-up,2
81253,24.82281,94.11076,2023-02-06 06:33:00,5.88,6000.0,10,Grassland,0
59647,24.82293,73.09447,2023-01-31 20:54:00,0.65,0.0,33,Built-up,2
10036,24.82294,73.09363,2023-01-07 21:44:00,1.44,0.0,33,Built-up,2
4739,24.82296,73.09248,2023-01-04 21:00:00,1.48,0.0,33,Built-up,2
67509,24.82323,73.09495,2023-02-03 21:38:00,0.91,0.0,33,Built-up,2
2823,24.82372,93.75347,2023-01-03 07:11:00,5.74,6000.0,5,Tree cover,0
31796,24.82393,73.09409,2023-01-18 21:38:00,0.95,0.0,33,Built-up,2
9047,24.8549,92.45516,2023-01-07 07:36:00,1.53,6000.0,2,Cropland,1
62149,24.9537,94.10662,2023-02-02 06:08:00,28.76,6000.0,5,Tree cover,0
17040,25.04888,92.2177,2023-01-11 06:21:00,1.52,6000.0,2,Cropland,1
31046,25.1413,93.607,2023-01-18 07:30:00,32.52,6000.0,12,Tree cover,0
31051,25.15116,93.60513,2023-01-18 07:30:00,7.12,6000.0,12,Tree cover,0
39052,25.16613,91.62514,2023-01-22 07:55:00,4.19,6000.0,3,Tree cover,0
58368,25.19996,94.41288,2023-01-31 06:46:00,3.2,6000.0,6,Cropland,1
17031,25.21034,96.41841,2023-01-11 06:20:00,2.9,6000.0,3,Cropland,1
69299,25.24123,96.82399,2023-02-04 07:11:00,3.03,6000.0,5,Cropland,1
23275,25.34643,92.75844,2023-01-14 07:05:00,4.45,6000.0,2,Grassland,0
56712,25.37609,94.36187,2023-01-30 07:05:00,4.77,6000.0,1,Tree cover,0
38255,25.43077,94.70089,2023-01-22 06:14:00,8.92,6000.0,10,Grassland,0
34441,25.45531,93.99554,2023-01-20 06:52:00,2.3,6000.0,14,Tree cover,0
62198,25.53351,91.35926,2023-02-02 06:09:00,4.8,6000.0,2,Grassland,0
25114,25.58986,96.72986,2023-01-15 06:46:00,1.1,6000.0,14,Cropland,1
31091,25.64803,94.4342,2023-01-18 07:30:00,1.88,6000.0,2,Tree cover,0
56763,25.69439,91.38,2023-01-30 07:05:00,3.84,6000.0,1,Grassland,0
58487,25.74659,96.68678,2023-01-31 06:46:00,4.18,6000.0,5,Cropland,1
66382,25.77646,77.17945,2023-02-03 07:31:00,8.72,6000.0,2,Tree cover,0
62191,25.92039,94.76264,2023-02-02 06:08:00,2.07,6000.0,1,Tree cover,0
55063,26.02893,85.80722,2023-01-29 07:24:00,2.81,6000.0,1,Cropland,1
62200,26.10845,94.55371,2023-02-02 06:09:00,3.27,6000.0,4,Tree cover,0
81347,26.12365,94.64525,2023-02-06 06:34:00,4.0,6000.0,3,Tree cover,0
47719,26.28371,94.99152,2023-01-26 06:40:00,4.48,6000.0,5,Tree cover,0
12933,26.40108,95.06458,2023-01-09 06:58:00,20.23,6000.0,16,Tree cover,0
18882,26.56885,95.27203,2023-01-12 06:02:00,35.53,6000.0,2,Tree cover,0
13022,26.90132,93.07301,2023-01-09 06:59:00,2.63,6000.0,3,Tree cover,0
17130,26.90858,95.59579,2023-01-11 06:21:00,9.51,6000.0,7,Tree cover,0
39100,27.02012,84.16628,2023-01-22 07:56:00,1.75,6000.0,4,Cropland,1
53096,27.0282,81.74947,2023-01-28 07:43:00,1.48,6000.0,1,Cropland,1
32637,27.10515,83.98708,2023-01-19 07:12:00,5.54,6000.0,2,Cropland,1
69491,27.24415,96.17261,2023-02-04 07:12:00,12.57,6000.0,1,Tree cover,0
61300,27.318,95.26672,2023-02-01 18:53:00,2.94,6000.0,89,Tree cover,0
45734,27.32092,89.2394,2023-01-25 06:59:00,2.56,6000.0,19,Tree cover,0
60135,27.38637,90.66726,2023-02-01 06:28:00,8.43,6000.0,9,Grassland,0
64917,27.46818,93.81424,2023-02-03 05:50:00,15.21,6000.0,10,Grassland,0
18193,27.52126,96.37448,2023-01-11 18:47:00,2.98,6000.0,1,Grassland,0
61303,27.55766,96.04063,2023-02-01 18:53:00,0.82,6000.0,43,Tree cover,0
13067,27.8356,96.15458,2023-01-09 06:59:00,3.13,6000.0,11,Grassland,0
39239,27.93316,68.99434,2023-01-22 07:57:00,3.3,6000.0,11,Cropland,1
46012,28.04052,69.35691,2023-01-25 08:41:00,9.27,424.75517461,17,Cropland,2
67503,28.05092,69.37076,2023-02-03 21:37:00,0.57,3.18728689,16,Built-up,2
41578,28.05184,69.36887,2023-01-23 07:38:00,2.26,0.0,16,Bare / sparse vegetation,2
85466,28.05293,69.36975,2023-02-06 20:41:00,0.4,0.0,18,Bare / sparse vegetation,2
20036,28.05304,69.36978,2023-01-12 07:44:00,2.16,0.0,18,Bare / sparse vegetation,2
64366,28.05309,69.36486,2023-02-02 20:16:00,0.65,0.0,17,Built-up,2
35455,28.05332,69.36809,2023-01-20 21:00:00,0.43,0.0,17,Built-up,2
90782,28.05339,69.37251,2023-02-07 22:02:00,0.85,102.86686164,16,Tree cover,2
23658,28.0535,69.37063,2023-01-14 08:47:00,3.6,0.0,18,Built-up,2
78542,28.05384,69.3704,2023-02-05 21:00:00,0.29,0.0,18,Grassland,2
90280,28.05409,69.36915,2023-02-07 20:22:00,0.71,0.0,18,Bare / sparse vegetation,2
61658,28.05423,69.36678,2023-02-01 20:35:00,0.7,0.0,17,Bare / sparse vegetation,2
90281,28.05432,69.36637,2023-02-07 20:22:00,1.79,0.0,17,Built-up,2
90282,28.05444,69.36461,2023-02-07 20:22:00,0.71,0.0,17,Built-up,2
61659,28.05468,69.3667,2023-02-01 20:35:00,0.78,0.0,17,Built-up,2
90783,28.05496,69.36665,2023-02-07 22:02:00,0.85,0.0,17,Built-up,2
75370,28.09124,80.37154,2023-02-05 08:34:00,2.43,6000.0,4,Cropland,1
70052,28.174,69.67866,2023-02-04 08:53:00,9.61,6000.0,3,Cropland,1
82838,28.18248,81.19269,2023-02-06 08:15:00,2.55,6000.0,12,Tree cover,0
20001,28.19968,85.22576,2023-01-12 07:43:00,13.31,6000.0,5,Tree cover,0
88896,28.40086,81.61033,2023-02-07 07:56:00,4.9,6000.0,2,Grassland,0
53188,28.41677,84.51754,2023-01-28 07:44:00,13.27,6000.0,3,Tree cover,0
16357,28.42164,83.39766,2023-01-10 20:46:00,1.06,6000.0,1,Grassland,0
12009,28.42361,69.6994,2023-01-08 21:24:00,0.84,0.0,11,Bare / sparse vegetation,2
4707,28.42454,69.69996,2023-01-04 20:59:00,0.96,0.0,11,Built-up,2
14092,28.42461,69.70167,2023-01-09 21:06:00,0.85,0.0,11,Built-up,2
5991,28.42601,69.6991,2023-01-05 20:40:00,0.96,0.0,11,Built-up,2
24279,28.42788,69.69416,2023-01-14 21:12:00,0.71,0.0,11,Built-up,2
57386,28.42831,69.69604,2023-01-30 21:12:00,0.77,0.0,11,Built-up,2
35456,28.42845,69.69343,2023-01-20 21:00:00,0.43,0.0,11,Built-up,2
4708,28.42911,69.69241,2023-01-04 20:59:00,0.74,0.0,11,Built-up,2
14093,28.42913,69.69453,2023-01-09 21:06:00,0.63,0.0,11,Built-up,2
44542,28.42933,69.69334,2023-01-24 21:25:00,0.73,0.0,11,Built-up,2
71275,28.42996,69.69317,2023-02-04 21:18:00,0.61,0.0,11,Built-up,2
93678,28.49984,80.40792,2023-02-08 07:38:00,1.28,6000.0,4,Cropland,1
13659,28.63,96.02448,2023-01-09 19:24:00,0.76,6000.0,3,Tree cover,0
43917,28.64268,70.16018,2023-01-24 09:00:00,3.17,6000.0,3,Cropland,1
20017,28.67209,96.08369,2023-01-12 07:43:00,23.24,6000.0,17,Tree cover,0
48529,28.74045,79.28455,2023-01-26 08:22:00,3.76,6000.0,1,Cropland,1
39259,28.74648,71.00948,2023-01-22 07:57:00,6.79,6000.0,3,Cropland,1
41602,28.82874,80.12022,2023-01-23 07:38:00,6.73,6000.0,9,Tree cover,0
70296,28.91396,95.81823,2023-02-04 19:37:00,2.18,6000.0,7,Grassland,0
18139,29.1972,77.22594,2023-01-11 08:03:00,4.39,6000.0,1,Cropland,1
39314,29.20862,70.48679,2023-01-22 07:57:00,3.7,6000.0,3,Cropland,1
85345,29.40474,77.59141,2023-02-06 20:40:00,0.51,6000.0,4,Tree cover,0
43795,29.46059,77.32172,2023-01-24 07:19:00,1.37,6000.0,2,Cropland,1
63909,29.61907,78.05726,2023-02-02 07:50:00,3.25,6000.0,3,Cropland,1
37083,29.73594,72.34998,2023-01-21 08:16:00,1.58,6000.0,1,Cropland,1
2032,29.88316,72.91708,2023-01-02 09:12:00,3.34,6000.0,4,Grassland,0
2089,29.91627,74.94556,2023-01-02 19:56:00,1.93,6000.0,233,Tree cover,0
39390,29.9546,79.80659,2023-01-22 07:57:00,4.8,6000.0,5,Tree cover,0
16387,29.99994,80.3541,2023-01-10 20:46:00,0.8,6000.0,8,Grassland,0
16388,30.00076,80.35335,2023-01-10 20:46:00,1.38,6000.0,8,Tree cover,0
29550,30.02237,77.69353,2023-01-17 07:50:00,1.81,6000.0,1,Tree cover,0
9264,30.37623,79.22807,2023-01-07 07:38:00,6.5,6000.0,6,Grassland,0
29603,30.87629,73.99774,2023-01-17 07:51:00,11.92,6000.0,1,Cropland,1
94091,30.97515,77.56575,2023-02-08 20:02:00,14.16,6000.0,3,Tree cover,0
41724,30.99101,72.12197,2023-01-23 07:39:00,2.33,6000.0,8,Tree cover,0
83042,31.00896,73.00799,2023-02-06 08:16:00,2.9,6000.0,2,Cropland,1
5948,31.10949,77.81564,2023-01-05 20:39:00,1.49,6000.0,2,Grassland,0
13608,31.40185,72.33894,2023-01-09 08:41:00,2.88,6000.0,4,Tree cover,0
37162,31.68868,72.50138,2023-01-21 08:16:00,2.31,6000.0,4,Cropland,1
13622,31.69708,72.90098,2023-01-09 08:41:00,6.28,6000.0,4,Cropland,1
46096,31.7011,72.55263,2023-01-25 08:42:00,6.36,6000.0,2,Tree cover,0
3129,31.73124,71.0305,2023-01-03 08:54:00,5.3,6000.0,4,Cropland,1
83133,31.74371,72.62737,2023-02-06 08:16:00,2.07,6000.0,3,Cropland,1
89237,31.77104,73.09705,2023-02-07 07:58:00,3.05,6000.0,2,Tree cover,0
59181,31.79919,71.06068,2023-01-31 08:29:00,5.32,6000.0,3,Cropland,1
51356,31.99259,77.21534,2023-01-27 20:27:00,1.01,6000.0,2,Grassland,0
70208,32.22944,72.32475,2023-02-04 08:54:00,16.62,6000.0,14,Shrubland,0
25834,32.23195,72.33607,2023-01-15 08:29:00,12.54,6000.0,14,Shrubland,0
793,32.3896,71.8112,2023-01-01 07:51:00,3.23,6000.0,1,Cropland,1
70231,32.83418,73.14767,2023-02-04 08:54:00,17.83,6000.0,4,Tree cover,0
57374,32.88741,71.61685,2023-01-30 21:11:00,0.69,0.0,33,Bare / sparse vegetation,2
67491,32.88747,71.61571,2023-02-03 21:36:00,1.47,0.0,33,Bare / sparse vegetation,2
40121,32.88747,71.61705,2023-01-22 22:01:00,1.35,0.0,33,Bare / sparse vegetation,2
22445,32.88747,71.61739,2023-01-13 21:29:00,1.6,0.0,33,Bare / sparse vegetation,2
46753,32.88766,71.61695,2023-01-25 21:05:00,0.65,0.0,33,Bare / sparse vegetation,2
40122,32.88768,71.61781,2023-01-22 22:01:00,0.71,0.0,33,Bare / sparse vegetation,2
39670,32.88771,71.61537,2023-01-22 20:20:00,0.7,0.0,33,Bare / sparse vegetation,2
3435,32.88776,71.61594,2023-01-03 21:17:00,1.6,0.0,33,Bare / sparse vegetation,2
33460,32.88826,71.61488,2023-01-19 21:17:00,1.36,0.0,33,Bare / sparse vegetation,2
71258,32.88827,71.61925,2023-02-04 21:17:00,1.57,0.0,33,Bare / sparse vegetation,2
26355,32.88842,71.61707,2023-01-15 20:52:00,1.02,0.0,33,Bare / sparse vegetation,2
51375,32.88858,71.61714,2023-01-27 20:27:00,0.66,0.0,33,Bare / sparse vegetation,2
37484,32.88931,71.61828,2023-01-21 20:39:00,0.63,0.0,33,Bare / sparse vegetation,2
42440,32.88973,71.61777,2023-01-23 21:42:00,0.49,0.0,33,Bare / sparse vegetation,2
14056,32.8898,71.61886,2023-01-09 21:04:00,1.44,0.0,33,Bare / sparse vegetation,2
4660,32.8899,71.61779,2023-01-04 20:58:00,0.67,0.0,33,Bare / sparse vegetation,2
29783,32.88991,71.61442,2023-01-17 20:14:00,0.68,0.0,33,Bare / sparse vegetation,2
26356,32.89019,71.61588,2023-01-15 20:52:00,0.98,0.0,33,Bare / sparse vegetation,2
5965,32.89035,71.61714,2023-01-05 20:39:00,0.55,0.0,33,Bare / sparse vegetation,2
24269,32.8905,71.61613,2023-01-14 21:11:00,1.37,0.0,33,Bare / sparse vegetation,2
1211,32.89066,71.61671,2023-01-01 21:54:00,1.13,0.0,33,Bare / sparse vegetation,2
57375,32.89078,71.61773,2023-01-30 21:11:00,0.69,0.0,33,Bare / sparse vegetation,2
64132,32.89079,71.61637,2023-02-02 20:14:00,1.1,0.0,33,Bare / sparse vegetation,2
57376,32.89117,71.61581,2023-01-30 21:11:00,0.38,0.0,33,Shrubland,2
55790,32.89411,71.60698,2023-01-29 21:30:00,0.61,29.89145141,34,Cropland,2
67492,32.89437,71.60681,2023-02-03 21:36:00,1.27,0.0,34,Tree cover,2
71259,32.8945,71.60596,2023-02-04 21:17:00,1.52,16.05980452,34,Tree cover,2
59576,32.89618,71.60351,2023-01-31 20:52:00,0.51,75.44840879,34,Cropland,2
46754,32.89624,71.60622,2023-01-25 21:05:00,1.26,0.0,34,Bare / sparse vegetation,2
98754,32.89663,71.60617,2023-02-09 21:23:00,0.8,0.0,34,Built-up,2
57377,32.89681,71.60382,2023-01-30 21:11:00,1.29,8.75036718,34,Cropland,2
42441,32.89773,71.60668,2023-01-23 21:42:00,0.49,0.0,34,Built-up,2
25853,32.90073,71.59375,2023-01-15 08:29:00,2.91,451.15174838,10,Tree cover,2
25854,32.90199,71.5969,2023-01-15 08:29:00,3.13,323.60298861,10,Tree cover,2
27928,33.22769,72.69628,2023-01-16 08:10:00,1.62,6000.0,5,Shrubland,0
3436,33.54509,71.54921,2023-01-03 21:17:00,0.71,18.23622046,10,Tree cover,2
67499,33.54564,71.54978,2023-02-03 21:36:00,0.84,0.0,10,Bare / sparse vegetation,2
14057,33.54573,71.55143,2023-01-09 21:04:00,0.53,0.0,10,Bare / sparse vegetation,2
4661,33.54573,71.55201,2023-01-04 20:58:00,0.73,0.0,10,Built-up,2
26357,33.54577,71.5499,2023-01-15 20:52:00,0.5,0.0,10,Bare / sparse vegetation,2
24273,33.54579,71.54961,2023-01-14 21:11:00,0.85,0.0,10,Bare / sparse vegetation,2
57378,33.54597,71.5513,2023-01-30 21:11:00,1.05,0.0,10,Bare / sparse vegetation,2
71265,33.54597,71.55244,2023-02-04 21:17:00,0.75,0.0,10,Bare / sparse vegetation,2
59578,33.54662,71.55019,2023-01-31 20:52:00,0.67,0.0,10,Built-up,2
46742,33.54698,71.55025,2023-01-25 21:04:00,0.89,0.0,10,Bare / sparse vegetation,2
70279,34.05096,72.15726,2023-02-04 08:55:00,2.53,6000.0,8,Shrubland,0
